conf_threshold,event_level_recall,event_level_precision,frame_level_precision,avg_detection_delay_frames,avg_latency_ms
0.1,0.20833333333333334,0.2112676056338028,0.5182661641055378,3.8666666666666667,25.537925261858632
0.15,0.16666666666666666,0.25,0.5765230312035661,-0.08333333333333333,26.47621219885612
0.2,0.08333333333333333,0.17142857142857143,0.5910055154857871,-0.5,27.869136279068876
0.25,0.06944444444444445,0.17857142857142858,0.574050471577874,23.2,31.950012959574252
0.3,0.041666666666666664,0.125,0.6512839598064756,30.0,32.479630444983584
0.4,0.027777777777777776,0.15384615384615385,0.7093837535014006,-29.0,32.68867707770283
0.5,0.013888888888888888,0.1111111111111111,0.7347629796839729,-33.0,32.77860710481078
